Alexander Vlasov, 279359863, /time
Alexander Vlasov, 279359863, /help
Alexander Vlasov, 279359863, /Hello
Alexander Vlasov, 279359863, /help
Alexander Vlasov, 279359863, /time
Alexander Vlasov, 279359863, /sum 2 2
Alexander Vlasov, 279359863, /help
Alexander Vlasov, 279359863, /help
Alexander Vlasov, 279359863, /help
Alexander Vlasov, 279359863, /sum
Alexander Vlasov, 279359863, /sum 2 + 2
Alexander Vlasov, 279359863, /time
Alexander Vlasov, 279359863, /help
Alexander Vlasov, 279359863, /Hi
Alexander Vlasov, 279359863, /hi
Alexander Vlasov, 279359863, /help
Alexander Vlasov, 279359863, /help
Alexander Vlasov, 279359863, /help
Alexander Vlasov, 279359863, /you
Alexander Vlasov, 279359863, /hi
Alexander Vlasov, 279359863, /hi
Alexander Vlasov, 279359863, /help
Alexander Vlasov, 279359863, /help
Alexander Vlasov, 279359863, /hi
Alexander Vlasov, 279359863, /hi
Alexander Vlasov, 279359863, /hi
Alexander Vlasov, 279359863, /help
Alexander Vlasov, 279359863, /you
Alexander Vlasov, 279359863, /help
Alexander Vlasov, 279359863, /weather
Alexander Vlasov, 279359863, /help
Alexander Vlasov, 279359863, /weather
Alexander Vlasov, 279359863, /weather
Alexander Vlasov, 279359863, /help
Alexander Vlasov, 279359863, /weather
Alexander Vlasov, 279359863, /weather
Alexander Vlasov, 279359863, /Hi
Alexander Vlasov, 279359863, /help
Alexander Vlasov, 279359863, /weather
Alexander Vlasov, 279359863, /weather Moscow
Alexander Vlasov, 279359863, /hi
Alexander Vlasov, 279359863, /help
Alexander Vlasov, 279359863, /weather
Alexander Vlasov, 279359863, /weather moscow
Alexander Vlasov, 279359863, /weather moscow
Alexander Vlasov, 279359863, /hi
Alexander Vlasov, 279359863, /weather
Alexander Vlasov, 279359863, /weather Moscow
Alexander Vlasov, 279359863, /hi
Alexander Vlasov, 279359863, /weather moscow
Alexander Vlasov, 279359863, /hi
Alexander Vlasov, 279359863, /weather
Alexander Vlasov, 279359863, /weather Moscow
Alexander Vlasov, 279359863, /weather Moscow
Alexander Vlasov, 279359863, /weather Moscow
Alexander Vlasov, 279359863, /weather Moscow
Alexander Vlasov, 279359863, /weather Moscow
Alexander Vlasov, 279359863, /weather Moscow
Alexander Vlasov, 279359863, /weather Moscow
Alexander Vlasov, 279359863, /weather Moscow
Alexander Vlasov, 279359863, /help
Alexander Vlasov, 279359863, /weather
Alexander Vlasov, 279359863, /help
Alexander Vlasov, 279359863, /weather
Alexander Vlasov, 279359863, /weather Moscow
Alexander Vlasov, 279359863, /help[
Alexander Vlasov, 279359863, /help
Alexander Vlasov, 279359863, /sum
Alexander Vlasov, 279359863, /sum 2+2
Alexander Vlasov, 279359863, /sum 2 2]
Alexander Vlasov, 279359863, /sum 2 2
Alexander Vlasov, 279359863, /weather fryazino
Alexander Vlasov, 279359863, /hi
Alexander Vlasov, 279359863, /hi
Alexander Vlasov, 279359863, /help
Alexander Vlasov, 279359863, /hi
Alexander Vlasov, 279359863, /hi
Alexander Vlasov, 279359863, /weather
Alexander Vlasov, 279359863, /sum
Alexander Vlasov, 279359863, /youtube https://www.youtube.com/watch?v=dQw4w9WgXcQ
Alexander Vlasov, 279359863, /youtube https://www.youtube.com/watch?v=zRUz61Xy_TY&t=3353s
Alexander Vlasov, 279359863, /weather fryazino
